filename,width,height,class,xmin,ymin,xmax,ymax
IMG20200408215347.jpg,1000,750,Name,320,223,711,333
IMG20200408215347.jpg,1000,750,HusbandName,314,336,707,450
IMG20200408215347.jpg,1000,750,Gender,322,451,416,520
IMG20200408215347.jpg,1000,750,IdNo,324,523,539,581
IMG20200408215347.jpg,1000,750,DOI,320,589,539,645
IMG20200408215347.jpg,1000,750,DOB,542,516,710,581
IMG20200408215347.jpg,1000,750,DOE,539,586,698,645
IMG20200408215347.jpg,1000,750,Front,42,95,967,688
IMG20200409114413.jpg,1000,750,Name,332,305,653,362
IMG20200409114413.jpg,1000,750,HusbandName,319,372,655,431
IMG20200409114413.jpg,1000,750,Gender,292,447,377,502
IMG20200409114413.jpg,1000,750,IdNo,286,506,506,562
IMG20200409114413.jpg,1000,750,DOB,511,497,676,558
IMG20200409114413.jpg,1000,750,DOI,277,569,507,621
IMG20200409114413.jpg,1000,750,DOE,507,558,676,626
IMG20200409114413.jpg,1000,750,Front,1,234,1000,669
IMG20200409115324.jpg,1000,750,Name,428,256,717,337
IMG20200409115324.jpg,1000,750,HusbandName,425,338,717,426
IMG20200409115324.jpg,1000,750,Gender,422,425,488,474
IMG20200409115324.jpg,1000,750,IdNo,423,476,587,531
IMG20200409115324.jpg,1000,750,DOB,586,476,724,535
IMG20200409115324.jpg,1000,750,DOI,422,531,587,581
IMG20200409115324.jpg,1000,750,DOE,586,531,723,580
IMG20200409115324.jpg,1000,750,Front,226,166,950,626
IMG20200409114648.jpg,1000,750,Name,358,192,650,263
IMG20200409114648.jpg,1000,750,HusbandName,366,321,657,383
IMG20200409114648.jpg,1000,750,Gender,377,451,453,516
IMG20200409114648.jpg,1000,750,IdNo,388,494,558,588
IMG20200409114648.jpg,1000,750,DOB,551,473,637,535
IMG20200409114648.jpg,1000,750,DOE,563,529,641,598
IMG20200409114648.jpg,1000,750,DOI,390,581,514,660
IMG20200409114648.jpg,1000,750,Front,15,6,779,738
IMG20200409115152.jpg,1000,750,Name,317,211,692,313
IMG20200409115152.jpg,1000,750,HusbandName,314,316,696,432
IMG20200409115152.jpg,1000,750,Gender,299,422,391,496
IMG20200409115152.jpg,1000,750,IdNo,298,499,520,571
IMG20200409115152.jpg,1000,750,DOB,521,498,688,578
IMG20200409115152.jpg,1000,750,DOI,298,566,517,634
IMG20200409115152.jpg,1000,750,DOE,515,574,692,636
IMG20200409115152.jpg,1000,750,Front,59,101,1000,679
IMG20200409115510.jpg,1000,750,Name,268,196,642,311
IMG20200409115510.jpg,1000,750,FatherName,277,300,637,391
IMG20200409115510.jpg,1000,750,Gender,288,388,369,442
IMG20200409115510.jpg,1000,750,IdNo,293,441,475,485
IMG20200409115510.jpg,1000,750,DOB,477,444,610,489
IMG20200409115510.jpg,1000,750,DOE,476,486,605,530
IMG20200409115510.jpg,1000,750,DOI,297,484,476,526
IMG20200409115510.jpg,1000,750,Front,1,62,957,556
IMG20200409114743.jpg,1000,750,Name,255,190,706,311
IMG20200409114743.jpg,1000,750,HusbandName,256,321,709,406
IMG20200409114743.jpg,1000,750,Gender,262,452,362,525
IMG20200409114743.jpg,1000,750,IdNo,264,535,510,609
IMG20200409114743.jpg,1000,750,DOB,513,528,660,596
IMG20200409114743.jpg,1000,750,DOI,267,616,514,670
IMG20200409114743.jpg,1000,750,DOE,514,605,668,680
IMG20200409114743.jpg,1000,750,Front,1,69,1000,725
IMG20200409115133.jpg,1000,750,Name,376,177,766,285
IMG20200409115133.jpg,1000,750,HusbandName,375,285,770,401
IMG20200409115133.jpg,1000,750,Gender,374,402,465,472
IMG20200409115133.jpg,1000,750,IdNo,371,471,596,543
IMG20200409115133.jpg,1000,750,DOI,372,545,598,609
IMG20200409115133.jpg,1000,750,DOB,596,471,767,540
IMG20200409115133.jpg,1000,750,DOE,597,543,767,608
IMG20200409115133.jpg,1000,750,Front,117,60,1000,642
IMG20200409120106.jpg,1000,1333,DOB,272,856,323,974
IMG20200409120106.jpg,1000,1333,DOE,222,851,271,976
IMG20200409120106.jpg,1000,1333,Front,195,524,639,1195
IMG20200408215556.jpg,1000,750,Name,393,337,667,419
IMG20200408215556.jpg,1000,750,HusbandName,391,416,666,498
IMG20200408215556.jpg,1000,750,Gender,387,495,452,543
IMG20200408215556.jpg,1000,750,IdNo,387,546,542,598
IMG20200408215556.jpg,1000,750,DOB,542,547,672,599
IMG20200408215556.jpg,1000,750,DOI,387,594,542,643
IMG20200408215556.jpg,1000,750,DOE,542,596,675,646
IMG20200408215556.jpg,1000,750,Front,206,254,870,678
IMG20200408215221.jpg,1000,750,Name,393,175,781,296
IMG20200408215221.jpg,1000,750,HusbandName,389,291,779,405
IMG20200408215221.jpg,1000,750,Gender,388,398,478,468
IMG20200408215221.jpg,1000,750,IdNo,388,466,596,532
IMG20200408215221.jpg,1000,750,DOB,598,463,767,541
IMG20200408215221.jpg,1000,750,DOI,392,529,596,585
IMG20200408215221.jpg,1000,750,DOE,593,531,759,594
IMG20200408215221.jpg,1000,750,Front,150,57,1000,637
IMG20200408215951.jpg,1000,750,Name,386,261,585,311
IMG20200408215951.jpg,1000,750,FatherName,417,329,629,386
IMG20200408215951.jpg,1000,750,Gender,451,431,524,486
IMG20200408215951.jpg,1000,750,IdNo,478,454,639,540
IMG20200408215951.jpg,1000,750,DOB,632,426,743,490
IMG20200408215951.jpg,1000,750,DOE,662,472,772,539
IMG20200408215951.jpg,1000,750,DOI,496,520,627,597
IMG20200408215951.jpg,1000,750,Front,131,157,937,738
IMG20200409114517.jpg,1000,750,Name,279,234,658,300
IMG20200409114517.jpg,1000,750,HusbandName,282,344,660,422
IMG20200409114517.jpg,1000,750,Gender,283,461,372,526
IMG20200409114517.jpg,1000,750,IdNo,286,530,495,594
IMG20200409114517.jpg,1000,750,DOB,497,527,644,592
IMG20200409114517.jpg,1000,750,DOI,288,597,425,651
IMG20200409114517.jpg,1000,750,DOE,501,601,637,652
IMG20200409114517.jpg,1000,750,Front,27,114,929,685
IMG20200409114744.jpg,1000,750,Name,383,178,775,238
IMG20200409114744.jpg,1000,750,HusbandName,384,297,776,359
IMG20200409114744.jpg,1000,750,Gender,379,411,464,482
IMG20200409114744.jpg,1000,750,IdNo,380,487,598,551
IMG20200409114744.jpg,1000,750,DOB,608,489,743,547
IMG20200409114744.jpg,1000,750,DOI,386,555,601,618
IMG20200409114744.jpg,1000,750,DOE,602,555,749,616
IMG20200409114744.jpg,1000,750,Front,123,59,1000,653
IMG20200408214438.jpg,1000,750,Name,367,243,744,355
IMG20200408214438.jpg,1000,750,FatherName,365,356,746,467
IMG20200408214438.jpg,1000,750,DOB,567,532,735,601
IMG20200408214438.jpg,1000,750,DOE,566,601,737,663
IMG20200408214438.jpg,1000,750,DOI,355,596,567,666
IMG20200408214438.jpg,1000,750,Front,106,129,1000,691
IMG20200408215527.jpg,1000,750,Name,317,189,755,304
IMG20200408215527.jpg,1000,750,HusbandName,309,302,762,427
IMG20200408215527.jpg,1000,750,Gender,299,426,399,511
IMG20200408215527.jpg,1000,750,IdNo,296,510,553,604
IMG20200408215527.jpg,1000,750,DOI,287,596,553,679
IMG20200408215527.jpg,1000,750,DOE,552,599,745,682
IMG20200408215527.jpg,1000,750,DOB,557,514,746,600
IMG20200408215527.jpg,1000,750,Front,6,82,1000,744
IMG20200409114721.jpg,1000,750,Name,290,157,698,212
IMG20200409114721.jpg,1000,750,HusbandName,294,276,687,326
IMG20200409114721.jpg,1000,750,Gender,299,391,389,457
IMG20200409114721.jpg,1000,750,IdNo,305,461,516,518
IMG20200409114721.jpg,1000,750,DOB,522,456,656,514
IMG20200409114721.jpg,1000,750,DOI,313,531,460,581
IMG20200409114721.jpg,1000,750,DOE,528,526,662,581
IMG20200409114721.jpg,1000,750,Front,23,13,977,624
IMG20200409114853.jpg,1000,750,Name,216,189,564,255
IMG20200409114853.jpg,1000,750,HusbandName,217,297,567,369
IMG20200409114853.jpg,1000,750,Gender,217,401,295,462
IMG20200409114853.jpg,1000,750,IdNo,224,466,408,535
IMG20200409114853.jpg,1000,750,DOB,407,471,557,547
IMG20200409114853.jpg,1000,750,DOI,223,526,406,586
IMG20200409114853.jpg,1000,750,DOE,406,536,553,591
IMG20200409114853.jpg,1000,750,Front,23,16,885,672
IMG20200408215147.jpg,1000,750,Name,461,269,742,351
IMG20200408215147.jpg,1000,750,HusbandName,461,351,747,435
IMG20200408215147.jpg,1000,750,Gender,457,434,522,483
IMG20200408215147.jpg,1000,750,IdNo,455,486,619,542
IMG20200408215147.jpg,1000,750,DOB,617,486,743,541
IMG20200408215147.jpg,1000,750,DOI,456,537,623,584
IMG20200408215147.jpg,1000,750,DOE,617,541,741,586
IMG20200408215147.jpg,1000,750,Front,258,181,966,631
IMG20200409114911.jpg,1000,750,Name,317,216,637,307
IMG20200409114911.jpg,1000,750,HusbandName,317,300,635,385
IMG20200409114911.jpg,1000,750,Gender,327,381,403,424
IMG20200409114911.jpg,1000,750,IdNo,338,429,495,469
IMG20200409114911.jpg,1000,750,DOI,338,468,493,507
IMG20200409114911.jpg,1000,750,DOB,492,426,614,470
IMG20200409114911.jpg,1000,750,DOE,491,466,610,507
IMG20200409114911.jpg,1000,750,Front,82,104,905,541
IMG20200409115828.jpg,1000,750,DOE,647,510,749,560
IMG20200409115828.jpg,1000,750,DOI,512,515,649,561
IMG20200409115828.jpg,1000,750,DOB,644,464,742,506
IMG20200409115828.jpg,1000,750,IdNo,507,466,648,509
IMG20200409115828.jpg,1000,750,Gender,502,420,570,471
IMG20200409115828.jpg,1000,750,FatherName,499,350,741,421
IMG20200409115828.jpg,1000,750,Name,502,279,740,351
IMG20200409115828.jpg,1000,750,Front,339,197,898,581
IMG20200409120009.jpg,1000,750,Name,441,318,598,372
IMG20200409120009.jpg,1000,750,HusbandName,462,355,589,426
IMG20200409120009.jpg,1000,750,Gender,484,426,534,475
IMG20200409120009.jpg,1000,750,IdNo,501,450,608,505
IMG20200409120009.jpg,1000,750,DOI,511,482,617,545
IMG20200409120009.jpg,1000,750,DOE,621,443,694,494
IMG20200409120009.jpg,1000,750,DOB,604,412,671,466
IMG20200409120009.jpg,1000,750,Front,305,200,831,618
IMG20200409114941.jpg,1000,750,Name,439,265,595,309
IMG20200409114941.jpg,1000,750,HusbandName,437,309,597,356
IMG20200409114941.jpg,1000,750,Gender,436,356,477,380
IMG20200409114941.jpg,1000,750,IdNo,432,382,524,408
IMG20200409114941.jpg,1000,750,DOB,523,381,592,409
IMG20200409114941.jpg,1000,750,DOE,525,406,588,430
IMG20200409114941.jpg,1000,750,DOI,432,411,522,433
IMG20200409114941.jpg,1000,750,Front,337,215,710,446
IMG20200409115622.jpg,1000,750,Name,264,226,594,311
IMG20200409115622.jpg,1000,750,HusbandName,270,319,592,403
IMG20200409115622.jpg,1000,750,Gender,277,411,361,459
IMG20200409115622.jpg,1000,750,IdNo,286,463,468,502
IMG20200409115622.jpg,1000,750,DOB,464,456,595,499
IMG20200409115622.jpg,1000,750,DOE,464,501,597,542
IMG20200409115622.jpg,1000,750,DOI,292,512,468,546
IMG20200409115622.jpg,1000,750,Front,7,116,865,585
IMG20200409115645.jpg,1000,750,Name,353,401,714,500
IMG20200409115645.jpg,1000,750,FatherName,349,319,704,397
IMG20200409115645.jpg,1000,750,Gender,614,253,694,304
IMG20200409115645.jpg,1000,750,IdNo,502,211,684,255
IMG20200409115645.jpg,1000,750,DOB,368,211,497,258
IMG20200409115645.jpg,1000,750,DOI,497,164,682,206
IMG20200409115645.jpg,1000,750,DOE,371,171,497,211
IMG20200409115645.jpg,1000,750,Front,50,154,987,631
IMG20200409120000.jpg,1000,750,Name,504,390,633,426
IMG20200409120000.jpg,1000,750,HusbandName,502,426,633,464
IMG20200409120000.jpg,1000,750,Gender,502,463,537,491
IMG20200409120000.jpg,1000,750,IdNo,502,491,580,511
IMG20200409120000.jpg,1000,750,DOI,502,510,579,535
IMG20200409120000.jpg,1000,750,DOE,581,511,631,534
IMG20200409120000.jpg,1000,750,DOB,580,487,633,511
IMG20200409120000.jpg,1000,750,Front,421,348,734,551
IMG20200408215844.jpg,1000,750,Name,334,285,653,342
IMG20200408215844.jpg,1000,750,FatherName,333,370,646,433
IMG20200408215844.jpg,1000,750,Gender,325,456,397,513
IMG20200408215844.jpg,1000,750,IdNo,320,521,509,572
IMG20200408215844.jpg,1000,750,DOB,517,516,666,570
IMG20200408215844.jpg,1000,750,DOI,315,577,512,630
IMG20200408215844.jpg,1000,750,DOE,516,581,667,634
IMG20200408215844.jpg,1000,750,Front,82,207,934,668
IMG20200408215021.jpg,1000,1333,Name,627,386,763,847
IMG20200408215021.jpg,1000,1333,HusbandName,492,391,630,834
IMG20200408215021.jpg,1000,1333,Gender,407,387,494,503
IMG20200408215021.jpg,1000,1333,IdNo,323,387,411,655
IMG20200408215021.jpg,1000,1333,DOB,327,660,412,840
IMG20200408215021.jpg,1000,1333,DOE,246,660,330,838
IMG20200408215021.jpg,1000,1333,DOI,236,384,324,660
IMG20200408215021.jpg,1000,1333,Front,194,72,911,1182
IMG20200408215939.jpg,1000,750,Name,477,243,722,286
IMG20200408215939.jpg,1000,750,FatherName,476,311,727,354
IMG20200408215939.jpg,1000,750,Gender,472,378,534,426
IMG20200408215939.jpg,1000,750,IdNo,470,429,622,471
IMG20200408215939.jpg,1000,750,DOB,625,426,737,474
IMG20200408215939.jpg,1000,750,DOI,468,473,627,520
IMG20200408215939.jpg,1000,750,DOE,622,475,740,516
IMG20200408215939.jpg,1000,750,Front,299,177,959,550
IMG20200408214415.jpg,1000,750,DOE,523,446,649,497
IMG20200408214415.jpg,1000,750,DOI,341,448,521,499
IMG20200408214415.jpg,1000,750,DOB,521,393,652,446
IMG20200408214415.jpg,1000,750,IdNo,338,398,522,447
IMG20200408214415.jpg,1000,750,Name,317,121,667,195
IMG20200408214415.jpg,1000,750,FatherName,326,239,669,301
IMG20200408214415.jpg,1000,750,Gender,336,340,416,396
IMG20200408214415.jpg,1000,750,Front,52,1,957,527
IMG20200409115750.jpg,1000,750,Name,465,166,550,242
IMG20200409115750.jpg,1000,750,HusbandName,431,227,521,304
IMG20200409115750.jpg,1000,750,Gender,390,279,437,332
IMG20200409115750.jpg,1000,750,IdNo,375,316,458,404
IMG20200409115750.jpg,1000,750,DOI,355,346,420,420
IMG20200409115750.jpg,1000,750,DOE,437,418,510,501
IMG20200409115750.jpg,1000,750,DOB,457,384,532,461
IMG20200409115750.jpg,1000,750,Front,270,54,872,670
IMG20200408215858.jpg,1000,750,Name,340,206,732,292
IMG20200408215858.jpg,1000,750,FatherName,336,324,736,403
IMG20200408215858.jpg,1000,750,Gender,338,444,429,511
IMG20200408215858.jpg,1000,750,IdNo,342,513,552,583
IMG20200408215858.jpg,1000,750,DOB,567,518,732,574
IMG20200408215858.jpg,1000,750,DOI,344,587,534,644
IMG20200408215858.jpg,1000,750,DOE,569,587,727,642
IMG20200408215858.jpg,1000,750,Front,69,77,1000,685
IMG20200409115839.jpg,1000,750,Name,500,360,686,428
IMG20200409115839.jpg,1000,750,HusbandName,494,416,687,477
IMG20200409115839.jpg,1000,750,Gender,487,471,531,511
IMG20200409115839.jpg,1000,750,IdNo,484,510,582,558
IMG20200409115839.jpg,1000,750,DOI,477,543,580,589
IMG20200409115839.jpg,1000,750,DOE,578,565,657,608
IMG20200409115839.jpg,1000,750,DOB,586,527,654,568
IMG20200409115839.jpg,1000,750,Front,367,296,873,669
IMG20200409114922.jpg,1000,750,Name,372,184,629,250
IMG20200409114922.jpg,1000,750,HusbandName,370,251,634,318
IMG20200409114922.jpg,1000,750,Gender,363,318,427,364
IMG20200409114922.jpg,1000,750,IdNo,362,362,518,406
IMG20200409114922.jpg,1000,750,DOB,517,359,644,407
IMG20200409114922.jpg,1000,750,DOI,355,412,516,458
IMG20200409114922.jpg,1000,750,DOE,518,404,637,457
IMG20200409114922.jpg,1000,750,Front,165,125,865,481
IMG20200409115626.jpg,1000,750,Name,464,332,697,406
IMG20200409115626.jpg,1000,750,HusbandName,410,263,693,329
IMG20200409115626.jpg,1000,750,Gender,628,216,695,259
IMG20200409115626.jpg,1000,750,IdNo,538,180,689,215
IMG20200409115626.jpg,1000,750,DOB,426,181,540,216
IMG20200409115626.jpg,1000,750,DOE,425,146,540,177
IMG20200409115626.jpg,1000,750,DOI,542,144,691,178
IMG20200409115626.jpg,1000,750,Front,173,127,923,518
IMG20200408215914.jpg,1000,750,Name,412,304,572,339
IMG20200408215914.jpg,1000,750,FatherName,412,351,576,385
IMG20200408215914.jpg,1000,750,Gender,414,401,452,431
IMG20200408215914.jpg,1000,750,IdNo,415,433,507,459
IMG20200408215914.jpg,1000,750,DOB,509,431,567,458
IMG20200408215914.jpg,1000,750,DOI,417,459,506,485
IMG20200408215914.jpg,1000,750,DOE,509,457,567,485
IMG20200408215914.jpg,1000,750,Front,299,249,705,504
IMG20200408214507.jpg,750,1000,Name,108,388,438,467
IMG20200408214507.jpg,750,1000,FatherName,107,488,438,557
IMG20200408214507.jpg,750,1000,Gender,110,586,187,641
IMG20200408214507.jpg,750,1000,IdNo,106,648,299,705
IMG20200408214507.jpg,750,1000,DOB,302,642,439,703
IMG20200408214507.jpg,750,1000,DOI,108,711,301,763
IMG20200408214507.jpg,750,1000,DOE,301,705,431,759
IMG20200408214507.jpg,750,1000,Front,1,273,691,789
IMG20200409114826.jpg,1000,750,Name,346,195,735,313
IMG20200409114826.jpg,1000,750,HusbandName,349,316,733,421
IMG20200409114826.jpg,1000,750,Gender,342,438,442,505
IMG20200409114826.jpg,1000,750,IdNo,344,506,562,570
IMG20200409114826.jpg,1000,750,DOB,564,494,688,549
IMG20200409114826.jpg,1000,750,DOE,564,558,688,615
IMG20200409114826.jpg,1000,750,DOI,354,570,543,631
IMG20200409114826.jpg,1000,750,Front,40,36,937,708
IMG20200409115354.jpg,1000,750,Name,502,248,706,298
IMG20200409115354.jpg,1000,750,HusbandName,502,303,707,352
IMG20200409115354.jpg,1000,750,Gender,502,356,550,390
IMG20200409115354.jpg,1000,750,IdNo,502,391,619,425
IMG20200409115354.jpg,1000,750,DOB,619,390,711,423
IMG20200409115354.jpg,1000,750,DOI,503,426,620,461
IMG20200409115354.jpg,1000,750,DOE,618,422,710,460
IMG20200409115354.jpg,1000,750,Front,360,181,881,486
IMG20200409120005.jpg,1000,750,DOE,663,583,766,621
IMG20200409120005.jpg,1000,750,DOI,524,586,667,625
IMG20200409120005.jpg,1000,750,DOB,662,537,770,581
IMG20200409120005.jpg,1000,750,IdNo,523,540,662,583
IMG20200409120005.jpg,1000,750,Gender,521,497,582,538
IMG20200409120005.jpg,1000,750,HusbandName,522,429,753,494
IMG20200409120005.jpg,1000,750,Name,519,361,745,426
IMG20200409120005.jpg,1000,750,Front,366,291,950,650
IMG20200408215415.jpg,1000,750,Name,273,215,722,341
IMG20200408215415.jpg,1000,750,HusbandName,276,350,727,474
IMG20200408215415.jpg,1000,750,Gender,275,479,383,561
IMG20200408215415.jpg,1000,750,IdNo,277,563,528,640
IMG20200408215415.jpg,1000,750,DOI,277,633,526,707
IMG20200408215415.jpg,1000,750,DOB,527,555,727,634
IMG20200408215415.jpg,1000,750,DOE,528,633,729,706
IMG20200408215415.jpg,1000,750,Front,11,61,1000,742
IMG20200409115313.jpg,1000,750,Name,454,414,701,482
IMG20200409115313.jpg,1000,750,HusbandName,471,484,690,560
IMG20200409115313.jpg,1000,750,Gender,492,593,566,648
IMG20200409115313.jpg,1000,750,DOB,669,587,776,651
IMG20200409115313.jpg,1000,750,IdNo,512,622,678,701
IMG20200409115313.jpg,1000,750,DOI,527,681,682,750
IMG20200409115313.jpg,1000,750,DOE,687,636,797,701
IMG20200409115313.jpg,1000,750,Front,258,279,1000,749
IMG20200409120111.jpg,1333,1000,Name,605,361,748,418
IMG20200409120111.jpg,1333,1000,FatherName,572,434,776,529
IMG20200409120111.jpg,1333,1000,Gender,550,518,607,575
IMG20200409120111.jpg,1333,1000,IdNo,529,569,675,655
IMG20200409120111.jpg,1333,1000,DOB,687,619,785,695
IMG20200409120111.jpg,1333,1000,DOI,518,614,615,686
IMG20200409120111.jpg,1333,1000,Front,337,234,1133,864
IMG20200409120014.jpg,1000,750,Name,584,332,697,419
IMG20200409120014.jpg,1000,750,HusbandName,561,371,658,456
IMG20200409120014.jpg,1000,750,Gender,522,411,573,459
IMG20200409120014.jpg,1000,750,IdNo,507,436,597,526
IMG20200409120014.jpg,1000,750,DOB,587,504,656,568
IMG20200409120014.jpg,1000,750,DOE,567,534,643,597
IMG20200409120014.jpg,1000,750,DOB,482,459,550,528
IMG20200409120014.jpg,1000,750,Front,392,240,927,738
IMG20200409115050.jpg,1000,750,Name,372,330,623,405
IMG20200409115050.jpg,1000,750,HusbandName,371,404,633,477
IMG20200409115050.jpg,1000,750,Gender,367,483,432,531
IMG20200409115050.jpg,1000,750,IdNo,367,534,522,578
IMG20200409115050.jpg,1000,750,DOB,522,529,634,576
IMG20200409115050.jpg,1000,750,DOI,364,583,521,626
IMG20200409115050.jpg,1000,750,DOE,522,574,633,623
IMG20200409115050.jpg,1000,750,Front,182,243,817,661
IMG20200409120026.jpg,1000,750,Name,553,355,723,424
IMG20200409120026.jpg,1000,750,HusbandName,547,405,722,474
IMG20200409120026.jpg,1000,750,Gender,537,451,580,486
IMG20200409120026.jpg,1000,750,IdNo,536,485,627,526
IMG20200409120026.jpg,1000,750,DOB,630,499,712,541
IMG20200409120026.jpg,1000,750,DOI,530,513,628,563
IMG20200409120026.jpg,1000,750,DOE,627,533,707,580
IMG20200409120026.jpg,1000,750,Front,427,300,870,617
IMG20200409115307.jpg,1000,750,Name,448,321,778,419
IMG20200409115307.jpg,1000,750,HusbandName,444,418,785,518
IMG20200409115307.jpg,1000,750,Gender,442,516,527,580
IMG20200409115307.jpg,1000,750,IdNo,439,581,642,650
IMG20200409115307.jpg,1000,750,DOB,642,584,791,649
IMG20200409115307.jpg,1000,750,DOE,642,651,791,711
IMG20200409115307.jpg,1000,750,DOI,442,652,646,711
IMG20200409115307.jpg,1000,750,Front,188,221,997,750
IMG20200409115556.jpg,1000,750,Name,287,222,607,300
IMG20200409115556.jpg,1000,750,FatherName,298,305,617,367
IMG20200409115556.jpg,1000,750,Gender,307,376,380,413
IMG20200409115556.jpg,1000,750,IdNo,319,412,469,449
IMG20200409115556.jpg,1000,750,DOB,471,410,590,445
IMG20200409115556.jpg,1000,750,DOI,320,450,467,479
IMG20200409115556.jpg,1000,750,DOE,469,445,593,480
IMG20200409115556.jpg,1000,750,Front,48,112,854,526
IMG20200408215043.jpg,1000,1333,Name,598,296,755,859
IMG20200408215043.jpg,1000,1333,HusbandName,430,290,591,844
IMG20200408215043.jpg,1000,1333,Gender,331,310,435,443
IMG20200408215043.jpg,1000,1333,IdNo,236,312,335,627
IMG20200408215043.jpg,1000,1333,DOB,242,626,338,839
IMG20200408215043.jpg,1000,1333,DOI,146,308,238,626
IMG20200408215043.jpg,1000,1333,DOE,146,628,242,843
IMG20200408215043.jpg,1000,1333,Front,85,1,938,1271
IMG20200409115255.jpg,1333,1000,Name,472,357,925,487
IMG20200409115255.jpg,1333,1000,HusbandName,475,496,925,615
IMG20200409115255.jpg,1333,1000,Gender,479,619,586,693
IMG20200409115255.jpg,1333,1000,IdNo,486,696,728,763
IMG20200409115255.jpg,1333,1000,DOI,491,770,729,825
IMG20200409115255.jpg,1333,1000,DOB,730,688,912,756
IMG20200409115255.jpg,1333,1000,DOE,728,763,899,823
IMG20200409115255.jpg,1333,1000,Front,131,197,1260,873
IMG20200409115445.jpg,1000,750,Name,534,390,717,442
IMG20200409115445.jpg,1000,750,FatherName,536,441,726,490
IMG20200409115445.jpg,1000,750,Gender,537,490,579,525
IMG20200409115445.jpg,1000,750,IdNo,537,526,647,559
IMG20200409115445.jpg,1000,750,DOB,647,524,729,561
IMG20200409115445.jpg,1000,750,DOI,537,558,648,591
IMG20200409115445.jpg,1000,750,DOE,649,560,730,601
IMG20200409115445.jpg,1000,750,Front,407,339,882,615
IMG20200408214334.jpg,1000,750,Name,342,254,697,346
IMG20200408214334.jpg,1000,750,FatherName,338,349,700,448
IMG20200408214334.jpg,1000,750,Gender,327,448,416,515
IMG20200408214334.jpg,1000,750,IdNo,327,514,546,588
IMG20200408214334.jpg,1000,750,DOB,547,513,723,584
IMG20200408214334.jpg,1000,750,DOI,322,588,549,652
IMG20200408214334.jpg,1000,750,DOE,548,588,722,653
IMG20200408214334.jpg,1000,750,Front,38,135,1000,689
IMG20200408215131.jpg,1000,750,Name,300,366,592,451
IMG20200408215131.jpg,1000,750,HusbandName,288,274,597,361
IMG20200408215131.jpg,1000,750,Gender,521,215,598,269
IMG20200408215131.jpg,1000,750,IdNo,417,164,599,212
IMG20200408215131.jpg,1000,750,DOB,298,168,418,219
IMG20200408215131.jpg,1000,750,DOI,419,111,599,162
IMG20200408215131.jpg,1000,750,DOE,297,118,418,166
IMG20200408215131.jpg,1000,750,Front,84,73,819,564
IMG20200408214708.jpg,1000,750,Name,442,287,742,383
IMG20200408214708.jpg,1000,750,FatherName,436,367,739,471
IMG20200408214708.jpg,1000,750,Gender,422,457,493,510
IMG20200408214708.jpg,1000,750,IdNo,415,515,597,584
IMG20200408214708.jpg,1000,750,DOB,598,523,736,592
IMG20200408214708.jpg,1000,750,Front,203,194,1000,708
IMG20200409115534.jpg,1000,750,Name,317,197,624,280
IMG20200409115534.jpg,1000,750,HusbandName,329,277,616,351
IMG20200409115534.jpg,1000,750,Gender,338,351,402,394
IMG20200409115534.jpg,1000,750,IdNo,343,389,492,428
IMG20200409115534.jpg,1000,750,DOB,490,391,617,430
IMG20200409115534.jpg,1000,750,DOI,349,429,491,463
IMG20200409115534.jpg,1000,750,DOE,490,431,611,465
IMG20200409115534.jpg,1000,750,Front,105,104,851,481
IMG20200408214843.jpg,1000,750,Name,485,296,799,402
IMG20200408214843.jpg,1000,750,FatherName,484,403,804,500
IMG20200408214843.jpg,1000,750,Gender,481,502,557,567
IMG20200408214843.jpg,1000,750,IdNo,482,568,667,624
IMG20200408214843.jpg,1000,750,DOB,667,565,788,620
IMG20200408214843.jpg,1000,750,DOI,477,632,664,684
IMG20200408214843.jpg,1000,750,DOE,665,624,788,676
IMG20200408214843.jpg,1000,750,Front,239,174,1000,730
IMG20200408215631.jpg,1000,750,Name,438,149,776,294
IMG20200408215631.jpg,1000,750,HusbandName,452,281,799,416
IMG20200408215631.jpg,1000,750,Gender,447,414,555,501
IMG20200408215631.jpg,1000,750,IdNo,458,503,673,581
IMG20200408215631.jpg,1000,750,DOB,678,496,790,556
IMG20200408215631.jpg,1000,750,DOI,465,586,648,671
IMG20200408215631.jpg,1000,750,DOE,682,567,799,630
IMG20200408215631.jpg,1000,750,Front,103,2,981,750
IMG20200409115902.jpg,1000,750,Name,317,371,639,459
IMG20200409115902.jpg,1000,750,HusbandName,312,467,637,551
IMG20200409115902.jpg,1000,750,Gender,317,556,397,611
IMG20200409115902.jpg,1000,750,IdNo,322,614,502,662
IMG20200409115902.jpg,1000,750,DOI,324,662,502,710
IMG20200409115902.jpg,1000,750,DOE,502,659,628,710
IMG20200409115902.jpg,1000,750,DOB,502,605,632,656
IMG20200409115902.jpg,1000,750,Front,84,268,878,750
IMG20200408214641.jpg,1333,1000,Name,432,338,857,468
IMG20200408214641.jpg,1333,1000,FatherName,430,474,855,598
IMG20200408214641.jpg,1333,1000,Gender,428,600,531,674
IMG20200408214641.jpg,1333,1000,IdNo,425,677,673,753
IMG20200408214641.jpg,1333,1000,DOB,671,678,851,748
IMG20200408214641.jpg,1333,1000,DOI,427,753,673,823
IMG20200408214641.jpg,1333,1000,DOE,675,747,851,823
IMG20200408214641.jpg,1333,1000,Front,131,203,1161,861
IMG20200408214743.jpg,1000,750,Name,368,195,739,311
IMG20200408214743.jpg,1000,750,FatherName,362,306,739,424
IMG20200408214743.jpg,1000,750,Gender,353,414,438,485
IMG20200408214743.jpg,1000,750,IdNo,350,488,556,566
IMG20200408214743.jpg,1000,750,DOB,567,501,720,571
IMG20200408214743.jpg,1000,750,DOI,349,551,560,629
IMG20200408214743.jpg,1000,750,DOE,565,572,722,632
IMG20200408214743.jpg,1000,750,Front,94,77,996,686
IMG20200409114542.jpg,1000,750,Name,352,151,624,225
IMG20200409114542.jpg,1000,750,HusbandName,380,259,633,358
IMG20200409114542.jpg,1000,750,Gender,400,411,480,491
IMG20200409114542.jpg,1000,750,DOB,589,410,675,485
IMG20200409114542.jpg,1000,750,IdNo,423,446,584,556
IMG20200409114542.jpg,1000,750,DOI,428,536,558,628
IMG20200409114542.jpg,1000,750,DOE,597,461,680,533
IMG20200409114542.jpg,1000,750,Front,1,4,817,750
IMG20200409120031.jpg,1000,750,Name,571,430,757,499
IMG20200409120031.jpg,1000,750,HusbandName,569,486,757,556
IMG20200409120031.jpg,1000,750,Gender,564,540,608,574
IMG20200409120031.jpg,1000,750,IdNo,561,573,669,615
IMG20200409120031.jpg,1000,750,DOI,561,610,667,659
IMG20200409120031.jpg,1000,750,DOB,668,581,753,622
IMG20200409120031.jpg,1000,750,DOE,666,619,751,661
IMG20200409120031.jpg,1000,750,Front,440,371,906,695
IMG20200409114420.jpg,1000,750,Name,281,301,668,406
IMG20200409114420.jpg,1000,750,HusbandName,282,416,677,521
IMG20200409114420.jpg,1000,750,Gender,284,531,380,604
IMG20200409114420.jpg,1000,750,IdNo,282,602,512,666
IMG20200409114420.jpg,1000,750,DOB,511,595,673,659
IMG20200409114420.jpg,1000,750,DOI,287,672,512,727
IMG20200409114420.jpg,1000,750,DOE,509,667,661,725
IMG20200409114420.jpg,1000,750,Front,23,168,957,750
IMG20200409115433.jpg,1000,750,Name,478,402,639,444
IMG20200409115433.jpg,1000,750,HusbandName,475,443,641,489
IMG20200409115433.jpg,1000,750,Gender,471,487,512,515
IMG20200409115433.jpg,1000,750,IdNo,472,515,568,548
IMG20200409115433.jpg,1000,750,DOB,568,516,644,546
IMG20200409115433.jpg,1000,750,DOI,472,546,568,573
IMG20200409115433.jpg,1000,750,DOE,567,545,647,571
IMG20200409115433.jpg,1000,750,Front,361,361,777,591
IMG20200409115822.jpg,1000,750,Name,417,340,749,443
IMG20200409115822.jpg,1000,750,FatherName,419,431,742,541
IMG20200409115822.jpg,1000,750,Gender,415,520,490,581
IMG20200409115822.jpg,1000,750,IdNo,417,578,594,633
IMG20200409115822.jpg,1000,750,DOB,593,583,728,643
IMG20200409115822.jpg,1000,750,DOI,415,625,587,681
IMG20200409115822.jpg,1000,750,DOE,593,633,722,687
IMG20200409115822.jpg,1000,750,Front,197,229,995,735
IMG20200408214550.jpg,1000,1333,Gender,666,430,747,508
IMG20200408214550.jpg,1000,1333,Name,355,619,752,739
IMG20200408214550.jpg,1000,1333,FatherName,356,491,750,620
IMG20200408214550.jpg,1000,1333,DOE,367,267,539,347
IMG20200408214550.jpg,1000,1333,DOB,364,336,539,416
IMG20200408214550.jpg,1000,1333,IdNo,540,350,748,436
IMG20200408214550.jpg,1000,1333,DOI,535,271,743,366
IMG20200408214550.jpg,1000,1333,Front,1,198,962,915
IMG20200409115455.jpg,1000,750,Name,584,298,692,380
IMG20200409115455.jpg,1000,750,FatherName,557,326,660,418
IMG20200409115455.jpg,1000,750,Gender,515,356,552,393
IMG20200409115455.jpg,1000,750,IdNo,482,371,557,456
IMG20200409115455.jpg,1000,750,DOI,462,395,522,460
IMG20200409115455.jpg,1000,750,DOE,527,457,587,529
IMG20200409115455.jpg,1000,750,DOB,552,439,617,504
IMG20200409115455.jpg,1000,750,Front,388,226,914,669
IMG20200408215926.jpg,1000,750,Name,381,221,640,270
IMG20200408215926.jpg,1000,750,FatherName,376,299,643,351
IMG20200408215926.jpg,1000,750,Gender,377,377,438,424
IMG20200408215926.jpg,1000,750,IdNo,377,428,527,479
IMG20200408215926.jpg,1000,750,DOB,526,431,642,477
IMG20200408215926.jpg,1000,750,DOI,377,475,524,522
IMG20200408215926.jpg,1000,750,DOE,527,476,637,523
IMG20200408215926.jpg,1000,750,Front,199,141,858,556
IMG20200409115734.jpg,1000,750,DOE,489,478,590,524
IMG20200409115734.jpg,1000,750,DOI,357,481,489,525
IMG20200409115734.jpg,1000,750,DOB,489,436,591,479
IMG20200409115734.jpg,1000,750,IdNo,354,436,490,479
IMG20200409115734.jpg,1000,750,Gender,354,397,411,439
IMG20200409115734.jpg,1000,750,HusbandName,351,331,584,395
IMG20200409115734.jpg,1000,750,Name,351,260,592,324
IMG20200409115734.jpg,1000,750,Front,187,176,773,540
IMG20200408214450.jpg,1000,750,Name,317,244,747,371
IMG20200408214450.jpg,1000,750,FatherName,315,371,750,499
IMG20200408214450.jpg,1000,750,Gender,315,502,422,580
IMG20200408214450.jpg,1000,750,IdNo,316,584,569,657
IMG20200408214450.jpg,1000,750,DOB,567,582,751,656
IMG20200408214450.jpg,1000,750,DOI,317,666,569,731
IMG20200408214450.jpg,1000,750,DOE,570,661,748,732
IMG20200408214450.jpg,1000,750,Front,22,107,1000,747
IMG20200409115631.jpg,1000,750,Name,421,367,768,457
IMG20200409115631.jpg,1000,750,FatherName,441,278,759,366
IMG20200409115631.jpg,1000,750,Gender,675,241,752,286
IMG20200409115631.jpg,1000,750,IdNo,573,201,741,239
IMG20200409115631.jpg,1000,750,DOB,459,198,572,238
IMG20200409115631.jpg,1000,750,DOI,574,158,743,201
IMG20200409115631.jpg,1000,750,DOE,460,157,573,197
IMG20200409115631.jpg,1000,750,Front,158,113,1000,569
IMG20200409115023.jpg,1000,750,Name,339,381,597,455
IMG20200409115023.jpg,1000,750,HusbandName,333,446,595,526
IMG20200409115023.jpg,1000,750,Gender,322,519,392,569
IMG20200409115023.jpg,1000,750,IdNo,320,565,479,619
IMG20200409115023.jpg,1000,750,DOI,317,615,479,666
IMG20200409115023.jpg,1000,750,DOB,480,571,597,622
IMG20200409115023.jpg,1000,750,DOE,479,620,598,666
IMG20200409115023.jpg,1000,750,Front,133,311,824,699
IMG20200409115521.jpg,1000,750,Name,275,208,647,300
IMG20200409115521.jpg,1000,750,FatherName,284,305,645,392
IMG20200409115521.jpg,1000,750,Gender,297,391,379,439
IMG20200409115521.jpg,1000,750,IdNo,308,441,487,482
IMG20200409115521.jpg,1000,750,DOI,315,483,487,519
IMG20200409115521.jpg,1000,750,DOE,486,481,616,519
IMG20200409115521.jpg,1000,750,DOB,487,436,619,478
IMG20200409115521.jpg,1000,750,Front,1,91,936,535
IMG20200408215645.jpg,1000,750,Name,352,281,677,366
IMG20200408215645.jpg,1000,750,HusbandName,350,372,682,467
IMG20200408215645.jpg,1000,750,Gender,352,471,426,531
IMG20200408215645.jpg,1000,750,IdNo,352,536,542,595
IMG20200408215645.jpg,1000,750,DOB,541,534,677,596
IMG20200408215645.jpg,1000,750,DOI,350,598,542,656
IMG20200408215645.jpg,1000,750,DOE,541,596,680,656
IMG20200408215645.jpg,1000,750,Front,142,181,962,688
IMG20200409114753.jpg,1000,750,DOE,532,568,683,629
IMG20200409114753.jpg,1000,750,DOI,318,567,530,633
IMG20200409114753.jpg,1000,750,DOB,532,497,687,567
IMG20200409114753.jpg,1000,750,IdNo,317,501,532,568
IMG20200409114753.jpg,1000,750,Gender,317,433,406,503
IMG20200409114753.jpg,1000,750,HusbandName,312,321,688,388
IMG20200409114753.jpg,1000,750,Name,312,212,692,266
IMG20200409114753.jpg,1000,750,Front,71,98,977,669
IMG20200408215138.jpg,1000,750,Name,432,240,744,338
IMG20200408215138.jpg,1000,750,HusbandName,432,339,744,430
IMG20200408215138.jpg,1000,750,Gender,432,431,512,490
IMG20200408215138.jpg,1000,750,IdNo,432,489,613,548
IMG20200408215138.jpg,1000,750,DOB,617,486,747,545
IMG20200408215138.jpg,1000,750,DOI,433,547,616,597
IMG20200408215138.jpg,1000,750,DOE,616,548,741,596
IMG20200408215138.jpg,1000,750,Front,222,140,972,633
IMG20200409114458.jpg,1000,750,Name,297,238,655,286
IMG20200409114458.jpg,1000,750,HusbandName,293,340,664,389
IMG20200409114458.jpg,1000,750,Gender,285,446,372,508
IMG20200409114458.jpg,1000,750,IdNo,279,521,504,584
IMG20200409114458.jpg,1000,750,DOB,512,512,646,576
IMG20200409114458.jpg,1000,750,DOI,278,596,428,662
IMG20200409114458.jpg,1000,750,DOE,514,591,663,653
IMG20200409114458.jpg,1000,750,Front,4,146,988,714
IMG20200408215725.jpg,1000,750,Name,301,286,657,404
IMG20200408215725.jpg,1000,750,HusbandName,299,391,666,509
IMG20200408215725.jpg,1000,750,Gender,295,502,387,571
IMG20200408215725.jpg,1000,750,IdNo,295,576,512,647
IMG20200408215725.jpg,1000,750,DOB,514,571,665,647
IMG20200408215725.jpg,1000,750,DOI,291,652,512,716
IMG20200408215725.jpg,1000,750,DOE,513,646,674,714
IMG20200408215725.jpg,1000,750,Front,3,181,912,739
IMG20200409115328.jpg,1000,750,Name,399,277,684,354
IMG20200409115328.jpg,1000,750,HusbandName,398,361,687,438
IMG20200409115328.jpg,1000,750,Gender,393,444,463,494
IMG20200409115328.jpg,1000,750,IdNo,392,496,557,545
IMG20200409115328.jpg,1000,750,DOB,557,492,686,546
IMG20200409115328.jpg,1000,750,DOE,558,547,688,597
IMG20200409115328.jpg,1000,750,DOI,391,548,557,594
IMG20200409115328.jpg,1000,750,Front,206,192,908,633
IMG20200408214848.jpg,1000,750,Name,436,244,787,371
IMG20200408214848.jpg,1000,750,FatherName,436,358,777,476
IMG20200408214848.jpg,1000,750,Gender,429,468,509,536
IMG20200408214848.jpg,1000,750,IdNo,428,537,627,601
IMG20200408214848.jpg,1000,750,DOB,626,537,760,597
IMG20200408214848.jpg,1000,750,DOI,424,600,622,659
IMG20200408214848.jpg,1000,750,DOE,622,601,760,660
IMG20200408214848.jpg,1000,750,Front,171,111,999,687
IMG20200409115607.jpg,1000,750,Name,298,216,643,321
IMG20200409115607.jpg,1000,750,HusbandName,306,314,643,403
IMG20200409115607.jpg,1000,750,Gender,308,398,385,442
IMG20200409115607.jpg,1000,750,DOB,485,449,622,496
IMG20200409115607.jpg,1000,750,DOE,480,493,607,538
IMG20200409115607.jpg,1000,750,DOI,309,489,479,531
IMG20200409115607.jpg,1000,750,IdNo,309,445,484,490
IMG20200409115607.jpg,1000,750,Front,28,86,925,606
IMG20200409114903.jpg,1000,750,Name,235,267,486,338
IMG20200409114903.jpg,1000,750,HusbandName,238,351,491,417
IMG20200409114903.jpg,1000,750,Gender,238,436,292,486
IMG20200409114903.jpg,1000,750,IdNo,237,487,377,544
IMG20200409114903.jpg,1000,750,DOB,377,500,486,554
IMG20200409114903.jpg,1000,750,DOI,237,535,378,600
IMG20200409114903.jpg,1000,750,DOE,375,551,488,615
IMG20200409114903.jpg,1000,750,Front,82,136,782,697
IMG20200409115803.jpg,1000,750,Name,492,225,561,322
IMG20200409115803.jpg,1000,750,FatherName,462,267,530,339
IMG20200409115803.jpg,1000,750,Gender,422,311,469,356
IMG20200409115803.jpg,1000,750,IdNo,411,341,477,417
IMG20200409115803.jpg,1000,750,DOB,467,401,524,463
IMG20200409115803.jpg,1000,750,DOE,455,425,507,491
IMG20200409115803.jpg,1000,750,DOI,393,364,442,425
IMG20200409115803.jpg,1000,750,Front,322,126,800,630
IMG20200409115126.jpg,1000,750,Name,327,203,707,314
IMG20200409115126.jpg,1000,750,HusbandName,326,313,709,431
IMG20200409115126.jpg,1000,750,Gender,319,429,410,501
IMG20200409115126.jpg,1000,750,IdNo,319,500,544,575
IMG20200409115126.jpg,1000,750,DOB,543,500,712,572
IMG20200409115126.jpg,1000,750,DOI,320,573,545,635
IMG20200409115126.jpg,1000,750,DOE,545,567,705,632
IMG20200409115126.jpg,1000,750,Front,57,86,1000,674
IMG20200408215612.jpg,1000,750,DOB,554,481,695,549
IMG20200408215612.jpg,1000,750,Name,361,213,687,321
IMG20200408215612.jpg,1000,750,HusbandName,361,324,689,419
IMG20200408215612.jpg,1000,750,Gender,357,421,440,483
IMG20200408215612.jpg,1000,750,IdNo,354,491,553,550
IMG20200408215612.jpg,1000,750,DOI,356,553,554,616
IMG20200408215612.jpg,1000,750,DOE,552,551,696,612
IMG20200408215612.jpg,1000,750,Front,81,111,937,662
IMG20200409115423.jpg,1000,750,Name,384,319,567,365
IMG20200409115423.jpg,1000,750,HusbandName,384,366,565,416
IMG20200409115423.jpg,1000,750,Gender,378,416,418,450
IMG20200409115423.jpg,1000,750,IdNo,377,450,482,480
IMG20200409115423.jpg,1000,750,DOB,482,448,564,481
IMG20200409115423.jpg,1000,750,DOI,378,482,479,514
IMG20200409115423.jpg,1000,750,DOE,481,481,567,515
IMG20200409115423.jpg,1000,750,Front,256,266,712,530
IMG20200408215457.jpg,1333,1000,Name,509,194,1010,401
IMG20200408215457.jpg,1333,1000,HusbandName,506,381,1001,555
IMG20200408215457.jpg,1333,1000,Gender,499,573,635,678
IMG20200408215457.jpg,1333,1000,IdNo,498,683,798,783
IMG20200408215457.jpg,1333,1000,DOB,802,663,975,753
IMG20200408215457.jpg,1333,1000,DOI,494,781,753,882
IMG20200408215457.jpg,1333,1000,DOE,800,736,983,844
IMG20200408215457.jpg,1333,1000,Front,13,10,1259,991
IMG20200409114525.jpg,1000,750,Name,373,227,719,273
IMG20200409114525.jpg,1000,750,HusbandName,380,336,729,401
IMG20200409114525.jpg,1000,750,Gender,384,465,480,531
IMG20200409114525.jpg,1000,750,DOB,598,491,714,560
IMG20200409114525.jpg,1000,750,IdNo,399,520,589,598
IMG20200409114525.jpg,1000,750,DOI,399,586,550,666
IMG20200409114525.jpg,1000,750,DOE,606,548,721,616
IMG20200409114525.jpg,1000,750,Front,45,91,927,741
IMG20200409115813.jpg,1000,750,Name,628,143,727,340
IMG20200409115813.jpg,1000,750,HusbandName,553,157,637,308
IMG20200409115813.jpg,1000,750,Gender,509,176,560,224
IMG20200409115813.jpg,1000,750,IdNo,452,186,516,301
IMG20200409115813.jpg,1000,750,DOB,437,296,498,390
IMG20200409115813.jpg,1000,750,DOE,392,301,450,401
IMG20200409115813.jpg,1000,750,DOI,407,195,472,291
IMG20200409115813.jpg,1000,750,Front,307,12,877,636
IMG20200409114813.jpg,1000,750,Name,259,191,567,272
IMG20200409114813.jpg,1000,750,HusbandName,255,281,563,373
IMG20200409114813.jpg,1000,750,Gender,255,374,331,433
IMG20200409114813.jpg,1000,750,IdNo,252,431,430,491
IMG20200409114813.jpg,1000,750,DOB,425,434,559,495
IMG20200409114813.jpg,1000,750,DOI,261,485,428,544
IMG20200409114813.jpg,1000,750,DOE,425,491,558,544
IMG20200409114813.jpg,1000,750,Front,91,54,827,601
IMG20200409114440.jpg,1000,750,Name,292,281,618,325
IMG20200409114440.jpg,1000,750,HusbandName,286,376,629,426
IMG20200409114440.jpg,1000,750,Gender,282,485,362,543
IMG20200409114440.jpg,1000,750,IdNo,282,551,480,604
IMG20200409114440.jpg,1000,750,DOB,487,545,611,601
IMG20200409114440.jpg,1000,750,DOI,282,618,428,673
IMG20200409114440.jpg,1000,750,DOE,490,617,625,671
IMG20200409114440.jpg,1000,750,Front,43,184,920,714
IMG20200408214737.jpg,1000,750,Name,412,150,747,256
IMG20200408214737.jpg,1000,750,FatherName,410,244,742,356
IMG20200408214737.jpg,1000,750,Gender,396,341,475,403
IMG20200408214737.jpg,1000,750,IdNo,395,401,586,476
IMG20200408214737.jpg,1000,750,DOB,585,413,722,480
IMG20200408214737.jpg,1000,750,DOI,390,463,583,528
IMG20200408214737.jpg,1000,750,DOE,584,476,726,536
IMG20200408214737.jpg,1000,750,Front,169,53,1000,582
IMG20200409115037.jpg,1000,750,Name,360,271,620,379
IMG20200409115037.jpg,1000,750,HusbandName,363,364,625,443
IMG20200409115037.jpg,1000,750,Gender,363,456,447,516
IMG20200409115037.jpg,1000,750,IdNo,370,517,547,577
IMG20200409115037.jpg,1000,750,DOB,542,513,652,573
IMG20200409115037.jpg,1000,750,DOI,374,581,561,636
IMG20200409115037.jpg,1000,750,DOE,552,574,652,629
IMG20200409115037.jpg,1000,750,Front,103,145,818,710
IMG20200408215537.jpg,1000,750,Name,490,255,786,350
IMG20200408215537.jpg,1000,750,HusbandName,472,342,674,441
IMG20200408215537.jpg,1000,750,Gender,440,417,502,478
IMG20200408215537.jpg,1000,750,IdNo,424,485,565,569
IMG20200408215537.jpg,1000,750,DOI,410,528,498,611
IMG20200408215537.jpg,1000,750,DOB,579,535,692,621
IMG20200408215537.jpg,1000,750,DOE,564,596,682,689
IMG20200408215537.jpg,1000,750,Front,262,160,998,750
IMG20200409115331.jpg,1000,750,Name,496,292,742,362
IMG20200409115331.jpg,1000,750,FatherName,498,365,742,431
IMG20200409115331.jpg,1000,750,Gender,494,435,556,481
IMG20200409115331.jpg,1000,750,IdNo,493,482,640,527
IMG20200409115331.jpg,1000,750,DOI,495,531,641,568
IMG20200409115331.jpg,1000,750,DOB,642,480,743,525
IMG20200409115331.jpg,1000,750,DOE,642,526,747,570
IMG20200409115331.jpg,1000,750,Front,327,217,941,591
IMG20200409115430.jpg,1000,750,Name,510,424,686,468
IMG20200409115430.jpg,1000,750,HusbandName,513,470,696,516
IMG20200409115430.jpg,1000,750,Gender,509,520,558,549
IMG20200409115430.jpg,1000,750,IdNo,509,549,622,581
IMG20200409115430.jpg,1000,750,DOI,512,581,625,617
IMG20200409115430.jpg,1000,750,DOB,618,546,706,580
IMG20200409115430.jpg,1000,750,DOE,619,576,711,611
IMG20200409115430.jpg,1000,750,Front,387,381,857,634
IMG20200409115832.jpg,1000,750,Name,510,234,750,319
IMG20200409115832.jpg,1000,750,HusbandName,515,316,751,392
IMG20200409115832.jpg,1000,750,Gender,518,393,576,442
IMG20200409115832.jpg,1000,750,IdNo,519,442,657,492
IMG20200409115832.jpg,1000,750,DOI,523,496,661,536
IMG20200409115832.jpg,1000,750,DOB,658,438,745,483
IMG20200409115832.jpg,1000,750,DOE,659,484,756,525
IMG20200409115832.jpg,1000,750,Front,329,142,903,577
IMG20200408215333.jpg,1000,750,Name,299,222,732,351
IMG20200408215333.jpg,1000,750,HusbandName,293,355,730,483
IMG20200408215333.jpg,1000,750,Gender,292,477,394,560
IMG20200408215333.jpg,1000,750,IdNo,296,558,536,633
IMG20200408215333.jpg,1000,750,DOB,538,559,732,633
IMG20200408215333.jpg,1000,750,DOI,296,632,537,702
IMG20200408215333.jpg,1000,750,DOE,536,635,725,704
IMG20200408215333.jpg,1000,750,Front,13,96,1000,745
IMG20200408215910.jpg,1000,750,Name,357,249,617,306
IMG20200408215910.jpg,1000,750,FatherName,354,328,620,371
IMG20200408215910.jpg,1000,750,Gender,358,401,417,450
IMG20200408215910.jpg,1000,750,IdNo,362,453,500,493
IMG20200408215910.jpg,1000,750,DOB,506,451,604,493
IMG20200408215910.jpg,1000,750,DOI,362,492,477,537
IMG20200408215910.jpg,1000,750,DOE,506,496,603,534
IMG20200408215910.jpg,1000,750,Front,177,166,807,560
IMG20200409120045.jpg,1000,750,Name,541,400,751,471
IMG20200409120045.jpg,1000,750,HusbandName,540,461,753,533
IMG20200409120045.jpg,1000,750,Gender,533,519,584,562
IMG20200409120045.jpg,1000,750,IdNo,533,558,652,604
IMG20200409120045.jpg,1000,750,DOB,652,565,752,610
IMG20200409120045.jpg,1000,750,DOI,532,597,655,640
IMG20200409120045.jpg,1000,750,DOE,652,606,752,653
IMG20200409120045.jpg,1000,750,Front,394,339,932,685
